il,ilce,Olumlu,Olumsuz,,REFARANDUMDA OY KULLANAN ﬁEH›RLER›N EVET - HAYIR OY ORANLARI,,,,,,,
ADANA,,535932,745219,,,,,,,,,
ADANA,ALADA–,6488,3597,,,EVET,HAYIR,,,EVET,HAYIR,
ADANA,CEYHAN,36455,57391,,ORTALAMA,46392.05138,44218.22645,,,M›N,MAK,
ADANA,«UKUROVA,70614,160891,,STANDART SAPMA,170498.5505,182858.0337,,,199,4728584,
ADANA,FEKE,6173,3828,,,,,,,MAK,M›N,
ADANA,›MAMO–LU,10085,7115,,,,,,,4479196,172,
ADANA,KARA›SALI,9365,4506,,EVET_NORM,HAYIR_NORM,,,,,,
ADANA,KARATAﬁ,4365,9203,,2.871226454,3.833579305,,,,,,
ADANA,KOZAN,42996,33925,,,,,,,,,
ADANA,POZANTI,7050,5090,,,,,,,,,
ADANA,SA›MBEYL›,5771,2829,,,,,,,,,
ADANA,SARI«AM,48674,38727,,,,,,,,,
ADANA,SEYHAN,168103,290536,,,,,,,,,
ADANA,TUFANBEYL›,5885,4001,,,,,,,,,
ADANA,YUMURTALIK,5051,5999,,,,,,,,,
ADANA,Y‹RE–›R,108857,117581,,,,,,,,,
ADIYAMAN,,230176,99781,,,,,EVET_NORM,HAYIR_NORM,,,
ADIYAMAN,BESN›,27406,12948,,,,,0.119610038,0.157568122,,,
ADIYAMAN,«EL›KHAN,6314,3082,,,,,,,,,
ADIYAMAN,GERGER,7371,1033,,,,,,,,,
ADIYAMAN,G÷LBAﬁI,16641,11546,,,,,,,,,
ADIYAMAN,KAHTA,50267,9429,,,,,,,,,
ADIYAMAN,MERKEZ,104078,59087,,,,,,,,,
ADIYAMAN,SAMSAT,4359,279,,,,,,,,,
ADIYAMAN,S›NC›K,9989,385,,,,,,,,,
ADIYAMAN,TUT,3751,1992,,,,,,,,,
AFYONKARAH›SAR,,281392,154462,,,,,,,,,
AFYONKARAH›SAR,BAﬁMAK«I,3681,3220,,,,,,,,,
AFYONKARAH›SAR,BAYAT,3129,1668,,,,,,,,,
AFYONKARAH›SAR,BOLVAD›N,19397,7333,,,,,,,,,
AFYONKARAH›SAR,«AY,11076,8941,,,,,,,,,
AFYONKARAH›SAR,«OBANLAR,5611,2278,,,,,,,,,
AFYONKARAH›SAR,DAZKIRI,4079,3241,,,,,,,,,
AFYONKARAH›SAR,D›NAR,15500,13779,,,,,,,,,
AFYONKARAH›SAR,EM›RDA–,12061,8811,,,,,,,,,
AFYONKARAH›SAR,EVC›LER,2646,2208,,,,,,,,,
AFYONKARAH›SAR,HOCALAR,4517,1593,,,,,,,,,
AFYONKARAH›SAR,›HSAN›YE,13273,4577,,,,,,,,,
AFYONKARAH›SAR,›SCEH›SAR,11371,3477,,,,,,,,,
AFYONKARAH›SAR,KIZIL÷REN,967,664,,,,,,,,,
AFYONKARAH›SAR,MERKEZ,112894,58176,,,,,,,,,
AFYONKARAH›SAR,SANDIKLI,22642,11978,,,,,,,,,
AFYONKARAH›SAR,S›NANPAﬁA,18390,7476,,,,,,,,,
AFYONKARAH›SAR,SULTANDA–I,3355,7329,,,,,,,,,
AFYONKARAH›SAR,ﬁUHUT,16803,7713,,,,,,,,,
A–RI,,87257,115271,,,,,,,,,
A–RI,D›YAD›N,4633,9910,,,,,,,,,
A–RI,DO–UBAYAZIT,10856,34701,,,,,,,,,
A–RI,ELEﬁK›RT,11148,3757,,,,,,,,,
A–RI,HAMUR,3832,2829,,,,,,,,,
A–RI,MERKEZ,32718,28079,,,,,,,,,
A–RI,PATNOS,13766,26022,,,,,,,,,
A–RI,TAﬁLI«AY,3282,4570,,,,,,,,,
A–RI,TUTAK,7022,5403,,,,,,,,,
AKSARAY,,162985,52910,,,,,,,,,
AKSARAY,A–A«÷REN,4102,929,,,,,,,,,
AKSARAY,ESK›L,11059,3473,,,,,,,,,
AKSARAY,G‹LA–A«,6979,3158,,,,,,,,,
AKSARAY,G‹ZELYURT,4803,1534,,,,,,,,,
AKSARAY,MERKEZ,120374,38981,,,,,,,,,
AKSARAY,ORTAK÷Y,13892,4143,,,,,,,,,
AKSARAY,SARIYAHﬁ›,1776,692,,,,,,,,,
AMASYA,,121360,94367,,,,,,,,,
AMASYA,G÷YN‹CEK,4738,2398,,,,,,,,,
AMASYA,G‹M‹ﬁHACIK÷Y,6938,9664,,,,,,,,,
AMASYA,HAMAM÷Z‹,1829,944,,,,,,,,,
AMASYA,MERKEZ,49705,40053,,,,,,,,,
AMASYA,MERZ›FON,22920,25193,,,,,,,,,
AMASYA,SULUOVA,22131,8508,,,,,,,,,
AMASYA,TAﬁOVA,13099,7607,,,,,,,,,
ANKARA,,1668601,1747151,,,,,,,,,
ANKARA,AKYURT,15310,3963,,,,,,,,,
ANKARA,ALTINDA–,140456,81298,,,,,,,,,
ANKARA,AYAﬁ,4681,3929,,,,,,,,,
ANKARA,BALA,8193,4004,,,,,,,,,
ANKARA,BEYPAZARI,19119,12377,,,,,,,,,
ANKARA,«AMLIDERE,3951,729,,,,,,,,,
ANKARA,«ANKAYA,134290,483787,,,,,,,,,
ANKARA,«UBUK,42141,12613,,,,,,,,,
ANKARA,ELMADA–,13392,15216,,,,,,,,,
ANKARA,ET›MESGUT,156646,187543,,,,,,,,,
ANKARA,EVREN,1125,638,,,,,,,,,
ANKARA,G÷LBAﬁI,39635,35562,,,,,,,,,
ANKARA,G‹D‹L,4008,1866,,,,,,,,,
ANKARA,HAYMANA,11691,4648,,,,,,,,,
ANKARA,KAHRAMANKAZAN,21568,9325,,,,,,,,,
ANKARA,KALEC›K,5850,2988,,,,,,,,,
ANKARA,KE«›÷REN,320474,255729,,,,,,,,,
ANKARA,KIZILCAHAMAM,12089,5264,,,,,,,,,
ANKARA,MAMAK,197896,198764,,,,,,,,,
ANKARA,NALLIHAN,10560,8873,,,,,,,,,
ANKARA,POLATLI,39832,33484,,,,,,,,,
ANKARA,PURSAKLAR,63929,19700,,,,,,,,,
ANKARA,S›NCAN,208871,110898,,,,,,,,,
ANKARA,ﬁEREFL›KO«H›SAR,11256,8307,,,,,,,,,
ANKARA,YEN›MAHALLE,181638,245646,,,,,,,,,
ANTALYA,,574421,829415,,,,,,,,,
ANTALYA,AKSEK›,3809,3288,,,,,,,,,
ANTALYA,AKSU,19390,21482,,,,,,,,,
ANTALYA,ALANYA,80355,84109,,,,,,,,,
ANTALYA,DEMRE,7729,9200,,,,,,,,,
ANTALYA,D÷ﬁEMEALTI,17023,19148,,,,,,,,,
ANTALYA,ELMALI,12740,12654,,,,,,,,,
ANTALYA,F›N›KE,13277,16854,,,,,,,,,
ANTALYA,GAZ›PAﬁA,12593,19576,,,,,,,,,
ANTALYA,G‹NDO–MUﬁ,2838,1978,,,,,,,,,
ANTALYA,›BRADI,818,956,,,,,,,,,
ANTALYA,KAﬁ,15437,20456,,,,,,,,,
ANTALYA,KEMER,8944,14421,,,,,,,,,
ANTALYA,KEPEZ,137977,164217,,,,,,,,,
ANTALYA,KONYAALTI,25661,71603,,,,,,,,,
ANTALYA,KORKUTEL›,18679,16144,,,,,,,,,
ANTALYA,KUMLUCA,20637,22452,,,,,,,,,
ANTALYA,MANAVGAT,57127,74884,,,,,,,,,
ANTALYA,MURATPAﬁA,90187,211711,,,,,,,,,
ANTALYA,SER›K,29200,44282,,,,,,,,,
ARDAHAN,,23455,29529,,,,,,,,,
ARDAHAN,«ILDIR,2631,2667,,,,,,,,,
ARDAHAN,DAMAL,275,3084,,,,,,,,,
ARDAHAN,G÷LE,7117,6055,,,,,,,,,
ARDAHAN,HANAK,1867,3561,,,,,,,,,
ARDAHAN,MERKEZ,8660,12983,,,,,,,,,
ARDAHAN,POSOF,2905,1179,,,,,,,,,
ARTV›N,,49974,56504,,,,,,,,,
ARTV›N,ARDANU«,2634,4575,,,,,,,,,
ARTV›N,ARHAV›,6822,6533,,,,,,,,,
ARTV›N,BOR«KA,8129,5700,,,,,,,,,
ARTV›N,HOPA,7650,14434,,,,,,,,,
ARTV›N,MERKEZ,8888,13179,,,,,,,,,
ARTV›N,MURGUL,1749,2144,,,,,,,,,
ARTV›N,ﬁAVﬁAT,4537,6342,,,,,,,,,
ARTV›N,YUSUFEL›,9565,3597,,,,,,,,,
AYDIN,,245016,442040,,,,,,,,,
AYDIN,BOZDO–AN,9442,13021,,,,,,,,,
AYDIN,BUHARKENT,3356,4985,,,,,,,,,
AYDIN,«›NE,13801,21182,,,,,,,,,
AYDIN,D›D›M,13087,33654,,,,,,,,,
AYDIN,EFELER,62756,117165,,,,,,,,,
AYDIN,GERMENC›K,8300,19459,,,,,,,,,
AYDIN,›NC›RL›OVA,12546,16969,,,,,,,,,
AYDIN,KARACASU,5058,7611,,,,,,,,,
AYDIN,KARPUZLU,4510,3485,,,,,,,,,
AYDIN,KO«ARLI,7863,8123,,,,,,,,,
AYDIN,K÷ﬁK,10537,7036,,,,,,,,,
AYDIN,KUﬁADASI,16654,50576,,,,,,,,,
AYDIN,KUYUCAK,8105,10926,,,,,,,,,
AYDIN,NAZ›LL›,36417,61929,,,,,,,,,
AYDIN,S÷KE,23523,52312,,,,,,,,,
AYDIN,SULTANH›SAR,5086,8602,,,,,,,,,
AYDIN,YEN›PAZAR,3975,5005,,,,,,,,,
BALIKES›R,,368741,441598,,,,,,,,,
BALIKES›R,ALTIEYL‹L,58630,56483,,,,,,,,,
BALIKES›R,AYVALIK,12040,34121,,,,,,,,,
BALIKES›R,BALYA,4771,5462,,,,,,,,,
BALIKES›R,BANDIRMA,36022,64172,,,,,,,,,
BALIKES›R,B›GAD›«,18696,14550,,,,,,,,,
BALIKES›R,BURHAN›YE,13477,25008,,,,,,,,,
BALIKES›R,DURSUNBEY,20638,5355,,,,,,,,,
BALIKES›R,EDREM›T,32554,62914,,,,,,,,,
BALIKES›R,ERDEK,7139,15196,,,,,,,,,
BALIKES›R,G÷ME«,2896,5513,,,,,,,,,
BALIKES›R,G÷NEN,23307,28117,,,,,,,,,
BALIKES›R,HAVRAN,10808,7690,,,,,,,,,
BALIKES›R,›VR›ND›,14743,9012,,,,,,,,,
BALIKES›R,KARES›,59974,58194,,,,,,,,,
BALIKES›R,KEPSUT,11414,5393,,,,,,,,,
BALIKES›R,MANYAS,5737,8451,,,,,,,,,
BALIKES›R,MARMARA,2593,3209,,,,,,,,,
BALIKES›R,SAVAﬁTEPE,7252,5403,,,,,,,,,
BALIKES›R,SINDIRGI,14151,11864,,,,,,,,,
BALIKES›R,SUSURLUK,11899,15491,,,,,,,,,
BARTIN,,67744,53160,,,,,,,,,
BARTIN,AMASRA,4011,5502,,,,,,,,,
BARTIN,KURUCAﬁ›LE,2124,2154,,,,,,,,,
BARTIN,MERKEZ,51651,41154,,,,,,,,,
BARTIN,ULUS,9958,4350,,,,,,,,,
BATMAN,,96139,168376,,,,,,,,,
BATMAN,BEﬁ›R›,6134,7906,,,,,,,,,
BATMAN,GERC‹ﬁ,5797,3619,,,,,,,,,
BATMAN,HASANKEYF,1829,1241,,,,,,,,,
BATMAN,KOZLUK,11044,16648,,,,,,,,,
BATMAN,MERKEZ,63573,134800,,,,,,,,,
BATMAN,SASON,7762,4162,,,,,,,,,
BAYBURT,,37629,8431,,,,,,,,,
BAYBURT,AYDINTEPE,3170,702,,,,,,,,,
BAYBURT,DEM›R÷Z‹,4426,599,,,,,,,,,
BAYBURT,MERKEZ,30033,7130,,,,,,,,,
B›LEC›K,,65867,68954,,,,,,,,,
B›LEC›K,BOZ‹Y‹K,21502,26335,,,,,,,,,
B›LEC›K,G÷LPAZARI,3647,3159,,,,,,,,,
B›LEC›K,›NH›SAR,891,828,,,,,,,,,
B›LEC›K,MERKEZ,20401,22389,,,,,,,,,
B›LEC›K,OSMANEL›,7606,6623,,,,,,,,,
B›LEC›K,PAZARYER›,3979,3196,,,,,,,,,
B›LEC›K,S÷–‹T,6390,5568,,,,,,,,,
B›LEC›K,YEN›PAZAR,1451,856,,,,,,,,,
B›NG÷L,,95987,36273,,,,,,,,,
B›NG÷L,ADAKLI,3132,1105,,,,,,,,,
B›NG÷L,GEN«,15616,2527,,,,,,,,,
B›NG÷L,KARLIOVA,5788,6022,,,,,,,,,
B›NG÷L,K›–I,1271,1371,,,,,,,,,
B›NG÷L,MERKEZ,55040,21514,,,,,,,,,
B›NG÷L,SOLHAN,14309,2048,,,,,,,,,
B›NG÷L,YAYLADERE,335,533,,,,,,,,,
B›NG÷L,YED›SU,496,1153,,,,,,,,,
B›TL›S,,87868,60187,,,,,,,,,
B›TL›S,AD›LCEVAZ,6694,5433,,,,,,,,,
B›TL›S,AHLAT,9562,8042,,,,,,,,,
B›TL›S,G‹ROYMAK,11072,8682,,,,,,,,,
B›TL›S,H›ZAN,9040,4379,,,,,,,,,
B›TL›S,MERKEZ,18346,12235,,,,,,,,,
B›TL›S,MUTK›,12153,1943,,,,,,,,,
B›TL›S,TATVAN,21001,19473,,,,,,,,,
BOLU,,120685,73162,,,,,,,,,
BOLU,D÷RTD›VAN,4096,437,,,,,,,,,
BOLU,GEREDE,19836,2620,,,,,,,,,
BOLU,G÷YN‹K,8258,2352,,,,,,,,,
BOLU,KIBRISCIK,1157,1054,,,,,,,,,
BOLU,MENGEN,5041,4035,,,,,,,,,
BOLU,MERKEZ,67754,55302,,,,,,,,,
BOLU,MUDURNU,8204,5073,,,,,,,,,
BOLU,SEBEN,2417,1345,,,,,,,,,
BOLU,YEN›«A–A,3922,944,,,,,,,,,
BURDUR,,87451,81550,,,,,,,,,
BURDUR,A–LASUN,3835,1842,,,,,,,,,
BURDUR,ALTINYAYLA,2656,767,,,,,,,,,
BURDUR,BUCAK,24913,16238,,,,,,,,,
BURDUR,«AVDIR,4131,3898,,,,,,,,,
BURDUR,«ELT›K«›,2380,1422,,,,,,,,,
BURDUR,G÷LH›SAR,9347,4649,,,,,,,,,
BURDUR,KARAMANLI,2263,3231,,,,,,,,,
BURDUR,KEMER,1515,859,,,,,,,,,
BURDUR,MERKEZ,28983,38080,,,,,,,,,
BURDUR,TEFENN›,3107,3675,,,,,,,,,
BURDUR,YEﬁ›LOVA,4321,6889,,,,,,,,,
BURSA,,987929,868865,,,,,,,,,
BURSA,B‹Y‹KORHAN,5658,1575,,,,,,,,,
BURSA,GEML›K,31956,37897,,,,,,,,,
BURSA,G‹RSU,32742,15454,,,,,,,,,
BURSA,HARMANCIK,2919,1651,,,,,,,,,
BURSA,›NEG÷L,109500,47008,,,,,,,,,
BURSA,›ZN›K,15169,14296,,,,,,,,,
BURSA,KARACABEY,24673,28933,,,,,,,,,
BURSA,KELES,6182,2596,,,,,,,,,
BURSA,KESTEL,21046,17305,,,,,,,,,
BURSA,MUDANYA,22768,38151,,,,,,,,,
BURSA,MUSTAFAKEMALPAﬁA,33927,34409,,,,,,,,,
BURSA,N›L‹FER,101045,169990,,,,,,,,,
BURSA,ORHANEL›,8855,5084,,,,,,,,,
BURSA,ORHANGAZ›,25789,26036,,,,,,,,,
BURSA,OSMANGAZ›,292003,248444,,,,,,,,,
BURSA,YEN›ﬁEH›R,17904,17838,,,,,,,,,
BURSA,YILDIRIM,235793,162198,,,,,,,,,
«ANAKKALE,,139974,213991,,,,,,,,,
«ANAKKALE,AYVACIK,9183,13142,,,,,,,,,
«ANAKKALE,BAYRAM›«,8151,13363,,,,,,,,,
«ANAKKALE,B›GA,31019,29590,,,,,,,,,
«ANAKKALE,BOZCAADA,458,1406,,,,,,,,,
«ANAKKALE,«AN,16201,19167,,,,,,,,,
«ANAKKALE,ECEABAT,1459,5128,,,,,,,,,
«ANAKKALE,EZ›NE,8287,13118,,,,,,,,,
«ANAKKALE,GEL›BOLU,8784,18815,,,,,,,,,
«ANAKKALE,G÷K«EADA,1805,2884,,,,,,,,,
«ANAKKALE,LAPSEK›,9071,9527,,,,,,,,,
«ANAKKALE,MERKEZ,31226,78244,,,,,,,,,
«ANAKKALE,YEN›CE,14330,9607,,,,,,,,,
«ANKIRI,,79760,28980,,,,,,,,,
«ANKIRI,ATKARACALAR,2043,545,,,,,,,,,
«ANKIRI,BAYRAM÷REN,1217,260,,,,,,,,,
«ANKIRI,«ERKEﬁ,5835,3086,,,,,,,,,
«ANKIRI,ELD›VAN,2798,1024,,,,,,,,,
«ANKIRI,ILGAZ,6666,2034,,,,,,,,,
«ANKIRI,KIZILIRMAK,4062,793,,,,,,,,,
«ANKIRI,KORGUN,2093,438,,,,,,,,,
«ANKIRI,KURﬁUNLU,3437,1289,,,,,,,,,
«ANKIRI,MERKEZ,36819,16016,,,,,,,,,
«ANKIRI,ORTA,5604,713,,,,,,,,,
«ANKIRI,ﬁABAN÷Z‹,4534,2253,,,,,,,,,
«ANKIRI,YAPRAKLI,4652,529,,,,,,,,,
«ORUM,,219394,120814,,,,,,,,,
«ORUM,ALACA,14369,6663,,,,,,,,,
«ORUM,BAYAT,9004,1943,,,,,,,,,
«ORUM,BO–AZKALE,2061,434,,,,,,,,,
«ORUM,DODURGA,2573,1591,,,,,,,,,
«ORUM,›SK›L›P,17187,4797,,,,,,,,,
«ORUM,KARGI,7688,2860,,,,,,,,,
«ORUM,LA«›N,2105,1033,,,,,,,,,
«ORUM,MEC›T÷Z‹,6287,4731,,,,,,,,,
«ORUM,MERKEZ,106689,74987,,,,,,,,,
«ORUM,O–UZLAR,2776,1196,,,,,,,,,
«ORUM,ORTAK÷Y,2816,2087,,,,,,,,,
«ORUM,OSMANCIK,19988,8695,,,,,,,,,
«ORUM,SUNGURLU,22431,9072,,,,,,,,,
«ORUM,U–URLUDA–,3420,725,,,,,,,,,
DEN›ZL›,,289986,361198,,,,,,,,,
DEN›ZL›,ACIPAYAM,20224,17176,,,,,,,,,
DEN›ZL›,BABADA–,2162,2215,,,,,,,,,
DEN›ZL›,BAKLAN,1825,2054,,,,,,,,,
DEN›ZL›,BEK›LL›,1747,3313,,,,,,,,,
DEN›ZL›,BEYA–A«,2366,2226,,,,,,,,,
DEN›ZL›,BOZKURT,3071,4591,,,,,,,,,
DEN›ZL›,BULDAN,7659,10700,,,,,,,,,
DEN›ZL›,«AL,5405,8590,,,,,,,,,
DEN›ZL›,«AMEL›,8824,3730,,,,,,,,,
DEN›ZL›,«ARDAK,2476,3271,,,,,,,,,
DEN›ZL›,«›VR›L,17616,21881,,,,,,,,,
DEN›ZL›,G‹NEY,3093,4196,,,,,,,,,
DEN›ZL›,HONAZ,8060,11359,,,,,,,,,
DEN›ZL›,KALE,8203,4969,,,,,,,,,
DEN›ZL›,MERKEZEFEND›,76896,109883,,,,,,,,,
DEN›ZL›,PAMUKKALE,92504,118626,,,,,,,,,
DEN›ZL›,SARAYK÷Y,6582,13663,,,,,,,,,
DEN›ZL›,SER›NH›SAR,4777,5022,,,,,,,,,
DEN›ZL›,TAVAS,16496,13733,,,,,,,,,
D›YARBAKIR,,251733,525089,,,,,,,,,
D›YARBAKIR,BA–LAR,49432,128685,,,,,,,,,
D›YARBAKIR,B›SM›L,13743,40529,,,,,,,,,
D›YARBAKIR,«ERM›K,14166,7623,,,,,,,,,
D›YARBAKIR,«INAR,12608,17099,,,,,,,,,
D›YARBAKIR,«‹NG‹ﬁ,3352,2041,,,,,,,,,
D›YARBAKIR,D›CLE,6085,8944,,,,,,,,,
D›YARBAKIR,E–›L,4445,4536,,,,,,,,,
D›YARBAKIR,ERGAN›,22281,36344,,,,,,,,,
D›YARBAKIR,HAN›,6860,5366,,,,,,,,,
D›YARBAKIR,HAZRO,1772,5326,,,,,,,,,
D›YARBAKIR,KAYAPINAR,49641,111115,,,,,,,,,
D›YARBAKIR,KOCAK÷Y,1754,6240,,,,,,,,,
D›YARBAKIR,KULP,6321,9296,,,,,,,,,
D›YARBAKIR,L›CE,1867,11211,,,,,,,,,
D›YARBAKIR,S›LVAN,8160,30599,,,,,,,,,
D›YARBAKIR,SUR,18371,34028,,,,,,,,,
D›YARBAKIR,YEN›ﬁEH›R,30875,66107,,,,,,,,,
D‹ZCE,,164122,68476,,,,,,,,,
D‹ZCE,AK«AKOCA,15321,10176,,,,,,,,,
D‹ZCE,CUMAYER›,7008,1999,,,,,,,,,
D‹ZCE,«›L›ML›,9566,2955,,,,,,,,,
D‹ZCE,G÷LYAKA,9716,4046,,,,,,,,,
D‹ZCE,G‹M‹ﬁOVA,7298,2730,,,,,,,,,
D‹ZCE,KAYNAﬁLI,10738,2735,,,,,,,,,
D‹ZCE,MERKEZ,96304,42130,,,,,,,,,
D‹ZCE,YI–ILCA,8171,1705,,,,,,,,,
ED›RNE,,78914,188556,,,,,,,,,
ED›RNE,ENEZ,1949,5679,,,,,,,,,
ED›RNE,HAVSA,3812,10352,,,,,,,,,
ED›RNE,›PSALA,6877,12295,,,,,,,,,
ED›RNE,KEﬁAN,17022,36387,,,,,,,,,
ED›RNE,LALAPAﬁA,2030,2732,,,,,,,,,
ED›RNE,MER›«,3291,6594,,,,,,,,,
ED›RNE,MERKEZ,30758,80688,,,,,,,,,
ED›RNE,S‹LO–LU,1582,2778,,,,,,,,,
ED›RNE,UZUNK÷PR‹,11593,31051,,,,,,,,,
ELAZI–,,240773,94620,,,,,,,,,
ELAZI–,A–IN,1009,653,,,,,,,,,
ELAZI–,ALACAKAYA,3071,797,,,,,,,,,
ELAZI–,ARICAK,5887,1223,,,,,,,,,
ELAZI–,BASK›L,7522,1144,,,,,,,,,
ELAZI–,KARAKO«AN,8857,6467,,,,,,,,,
ELAZI–,KEBAN,3244,948,,,,,,,,,
ELAZI–,KOVANCILAR,17226,3053,,,,,,,,,
ELAZI–,MADEN,4081,2036,,,,,,,,,
ELAZI–,MERKEZ,175682,76464,,,,,,,,,
ELAZI–,PALU,10295,880,,,,,,,,,
ELAZI–,S›VR›CE,3899,955,,,,,,,,,
ERZ›NCAN,,80903,52816,,,,,,,,,
ERZ›NCAN,«AYIRLI,3395,2231,,,,,,,,,
ERZ›NCAN,›L›«,3394,1246,,,,,,,,,
ERZ›NCAN,KEMAH,2441,1612,,,,,,,,,
ERZ›NCAN,KEMAL›YE,1911,811,,,,,,,,,
ERZ›NCAN,MERKEZ,54774,38098,,,,,,,,,
ERZ›NCAN,OTLUKBEL›,1162,196,,,,,,,,,
ERZ›NCAN,REFAH›YE,3991,1761,,,,,,,,,
ERZ›NCAN,TERCAN,5661,3934,,,,,,,,,
ERZ›NCAN,‹Z‹ML‹,4174,2927,,,,,,,,,
ERZURUM,,300589,103007,,,,,,,,,
ERZURUM,AﬁKALE,11400,2281,,,,,,,,,
ERZURUM,AZ›Z›YE,26087,5609,,,,,,,,,
ERZURUM,«AT,6561,2208,,,,,,,,,
ERZURUM,HINIS,5826,5545,,,,,,,,,
ERZURUM,HORASAN,17560,2469,,,,,,,,,
ERZURUM,›SP›R,7627,1333,,,,,,,,,
ERZURUM,KARA«OBAN,2892,5664,,,,,,,,,
ERZURUM,KARAYAZI,4849,7281,,,,,,,,,
ERZURUM,K÷PR‹K÷Y,7578,864,,,,,,,,,
ERZURUM,NARMAN,6625,1360,,,,,,,,,
ERZURUM,OLTU,15162,3323,,,,,,,,,
ERZURUM,OLUR,3284,898,,,,,,,,,
ERZURUM,PALAND÷KEN,68089,26567,,,,,,,,,
ERZURUM,PAS›NLER,13238,2958,,,,,,,,,
ERZURUM,PAZARYOLU,2115,205,,,,,,,,,
ERZURUM,ﬁENKAYA,6617,3879,,,,,,,,,
ERZURUM,TEKMAN,4004,5912,,,,,,,,,
ERZURUM,TORTUM,9132,1041,,,,,,,,,
ERZURUM,UZUNDERE,4388,757,,,,,,,,,
ERZURUM,YAKUT›YE,77555,22853,,,,,,,,,
ESK›ﬁEH›R,,236994,321623,,,,,,,,,
ESK›ﬁEH›R,ALPU,4528,2975,,,,,,,,,
ESK›ﬁEH›R,BEYL›KOVA,2386,2304,,,,,,,,,
ESK›ﬁEH›R,«›FTELER,4870,4502,,,,,,,,,
ESK›ﬁEH›R,G‹NY‹Z‹,2844,1113,,,,,,,,,
ESK›ﬁEH›R,HAN,626,747,,,,,,,,,
ESK›ﬁEH›R,›N÷N‹,2889,2011,,,,,,,,,
ESK›ﬁEH›R,MAHMUD›YE,2176,2695,,,,,,,,,
ESK›ﬁEH›R,M›HALGAZ›,1551,823,,,,,,,,,
ESK›ﬁEH›R,M›HALI««IK,2916,2652,,,,,,,,,
ESK›ﬁEH›R,ODUNPAZARI,103184,154366,,,,,,,,,
ESK›ﬁEH›R,SARICAKAYA,2479,1101,,,,,,,,,
ESK›ﬁEH›R,SEY›TGAZ›,4789,4906,,,,,,,,,
ESK›ﬁEH›R,S›VR›H›SAR,7213,6359,,,,,,,,,
ESK›ﬁEH›R,TEPEBAﬁI,94543,135069,,,,,,,,,
GAZ›ANTEP,,603954,363136,,,,,,,,,
GAZ›ANTEP,ARABAN,10828,5385,,,,,,,,,
GAZ›ANTEP,›SLAH›YE,22620,13162,,,,,,,,,
GAZ›ANTEP,KARKAMIﬁ,3303,2309,,,,,,,,,
GAZ›ANTEP,N›Z›P,47291,23143,,,,,,,,,
GAZ›ANTEP,NURDA–I,16030,4965,,,,,,,,,
GAZ›ANTEP,O–UZEL›,11019,5583,,,,,,,,,
GAZ›ANTEP,ﬁAH›NBEY,264052,166960,,,,,,,,,
GAZ›ANTEP,ﬁEH›TKAM›L,221194,138229,,,,,,,,,
GAZ›ANTEP,YAVUZEL›,7617,3400,,,,,,,,,
G›RESUN,,164567,102329,,,,,,,,,
G›RESUN,ALUCRA,4021,792,,,,,,,,,
G›RESUN,BULANCAK,26450,15203,,,,,,,,,
G›RESUN,«AMOLUK,2917,414,,,,,,,,,
G›RESUN,«ANAK«I,2996,990,,,,,,,,,
G›RESUN,DEREL›,10025,2775,,,,,,,,,
G›RESUN,DO–ANKENT,3008,1067,,,,,,,,,
G›RESUN,ESP›YE,12959,7325,,,,,,,,,
G›RESUN,EYNES›L,4891,2918,,,,,,,,,
G›RESUN,G÷RELE,10718,7667,,,,,,,,,
G›RESUN,G‹CE,4133,1057,,,,,,,,,
G›RESUN,KEﬁAP,8123,5316,,,,,,,,,
G›RESUN,MERKEZ,40129,41233,,,,,,,,,
G›RESUN,P›RAZ›Z,4902,3545,,,,,,,,,
G›RESUN,ﬁEB›NKARAH›SAR,9022,2742,,,,,,,,,
G›RESUN,T›REBOLU,12177,7318,,,,,,,,,
G›RESUN,YA–LIDERE,8096,1967,,,,,,,,,
G‹M‹ﬁHANE,,54601,18050,,,,,,,,,
G‹M‹ﬁHANE,KELK›T,15588,3061,,,,,,,,,
G‹M‹ﬁHANE,K÷SE,3066,434,,,,,,,,,
G‹M‹ﬁHANE,K‹RT‹N,5924,1325,,,,,,,,,
G‹M‹ﬁHANE,MERKEZ,18880,9033,,,,,,,,,
G‹M‹ﬁHANE,ﬁ›RAN,6645,2250,,,,,,,,,
G‹M‹ﬁHANE,TORUL,4498,1947,,,,,,,,,
HAKKAR›,,41104,85689,,,,,,,,,
HAKKAR›,«UKURCA,2417,4607,,,,,,,,,
HAKKAR›,MERKEZ,10378,27672,,,,,,,,,
HAKKAR›,ﬁEMD›NL›,15850,11646,,,,,,,,,
HAKKAR›,Y‹KSEKOVA,12459,41764,,,,,,,,,
HATAY,,401405,477978,,,,,,,,,
HATAY,ALTIN÷Z‹,24115,6056,,,,,,,,,
HATAY,ANTAKYA,108092,93509,,,,,,,,,
HATAY,ARSUZ,12201,40212,,,,,,,,,
HATAY,BELEN,11473,7962,,,,,,,,,
HATAY,DEFNE,5768,83209,,,,,,,,,
HATAY,D÷RTYOL,33792,35133,,,,,,,,,
HATAY,ERZ›N,10256,13987,,,,,,,,,
HATAY,HASSA,20981,8434,,,,,,,,,
HATAY,›SKENDERUN,65504,82010,,,,,,,,,
HATAY,KIRIKHAN,44144,17520,,,,,,,,,
HATAY,KUMLU,4207,2433,,,,,,,,,
HATAY,PAYAS,13433,10187,,,,,,,,,
HATAY,REYHANLI,30574,10979,,,,,,,,,
HATAY,SAMANDA–,5138,61297,,,,,,,,,
HATAY,YAYLADA–I,11727,5050,,,,,,,,,
I–DIR,,30817,57736,,,,,,,,,
I–DIR,ARALIK,4420,5413,,,,,,,,,
I–DIR,KARAKOYUNLU,2800,3967,,,,,,,,,
I–DIR,MERKEZ,19666,41858,,,,,,,,,
I–DIR,TUZLUCA,3931,6498,,,,,,,,,
ISPARTA,,148837,116866,,,,,,,,,
ISPARTA,AKSU,1761,1307,,,,,,,,,
ISPARTA,ATABEY,2113,1681,,,,,,,,,
ISPARTA,E–›RD›R,12367,8351,,,,,,,,,
ISPARTA,GELENDOST,4937,5096,,,,,,,,,
ISPARTA,G÷NEN,2391,2720,,,,,,,,,
ISPARTA,KE«›BORLU,5289,4480,,,,,,,,,
ISPARTA,MERKEZ,81545,67339,,,,,,,,,
ISPARTA,SEN›RKENT,3852,3693,,,,,,,,,
ISPARTA,S‹T«‹LER,5572,1472,,,,,,,,,
ISPARTA,ﬁARK›KARAA–A«,9364,6943,,,,,,,,,
ISPARTA,ULUBORLU,2260,2043,,,,,,,,,
ISPARTA,YALVA«,16650,11036,,,,,,,,,
ISPARTA,YEN›ﬁARBADEML›,736,705,,,,,,,,,
›STANBUL,,4479196,4728584,,,,,,,,,
›STANBUL,ADALAR,2646,7402,,,,,,,,,
›STANBUL,ARNAVUTK÷Y,92067,46036,,,,,,,,,
›STANBUL,ATAﬁEH›R,116782,157521,,,,,,,,,
›STANBUL,AVCILAR,108172,156039,,,,,,,,,
›STANBUL,BA–CILAR,270469,172518,,,,,,,,,
›STANBUL,BAH«EL›EVLER,189448,186937,,,,,,,,,
›STANBUL,BAKIRK÷Y,33356,116923,,,,,,,,,
›STANBUL,BAﬁAKﬁEH›R,112719,96524,,,,,,,,,
›STANBUL,BAYRAMPAﬁA,94229,83241,,,,,,,,,
›STANBUL,BEﬁ›KTAﬁ,21932,106408,,,,,,,,,
›STANBUL,BEYKOZ,86745,76673,,,,,,,,,
›STANBUL,BEYL›KD‹Z‹,76537,109648,,,,,,,,,
›STANBUL,BEYO–LU,74062,73738,,,,,,,,,
›STANBUL,B‹Y‹K«EKMECE,64990,81738,,,,,,,,,
›STANBUL,«ATALCA,18558,28127,,,,,,,,,
›STANBUL,«EKMEK÷Y,76699,69741,,,,,,,,,
›STANBUL,ESENLER,182844,92394,,,,,,,,,
›STANBUL,ESENYURT,209980,231860,,,,,,,,,
›STANBUL,EY‹PSULTAN,116399,123812,,,,,,,,,
›STANBUL,FAT›H,127324,120505,,,,,,,,,
›STANBUL,GAZ›OSMANPAﬁA,174292,131917,,,,,,,,,
›STANBUL,G‹NG÷REN,101354,86935,,,,,,,,,
›STANBUL,KADIK÷Y,63481,263814,,,,,,,,,
›STANBUL,KA–ITHANE,151079,128375,,,,,,,,,
›STANBUL,KARTAL,133637,173927,,,,,,,,,
›STANBUL,K‹«‹K«EKMECE,209666,262995,,,,,,,,,
›STANBUL,MALTEPE,125816,201778,,,,,,,,,
›STANBUL,PEND›K,244534,183089,,,,,,,,,
›STANBUL,SANCAKTEPE,117273,109484,,,,,,,,,
›STANBUL,SARIYER,89798,129805,,,,,,,,,
›STANBUL,S›L›VR›,43357,64627,,,,,,,,,
›STANBUL,SULTANBEYL›,129753,54313,,,,,,,,,
›STANBUL,SULTANGAZ›,188862,118638,,,,,,,,,
›STANBUL,ﬁ›LE,11885,11230,,,,,,,,,
›STANBUL,ﬁ›ﬁL›,50347,128142,,,,,,,,,
›STANBUL,TUZLA,76019,74043,,,,,,,,,
›STANBUL,‹MRAN›YE,239455,194275,,,,,,,,,
›STANBUL,‹SK‹DAR,167746,191499,,,,,,,,,
›STANBUL,ZEYT›NBURNU,84884,81913,,,,,,,,,
›ZM›R,,870681,1919828,,,,,,,,,
›ZM›R,AL›A–A,19538,37278,,,,,,,,,
›ZM›R,BAL«OVA,11722,42819,,,,,,,,,
›ZM›R,BAYINDIR,10032,16696,,,,,,,,,
›ZM›R,BAYRAKLI,71806,136868,,,,,,,,,
›ZM›R,BERGAMA,28620,41967,,,,,,,,,
›ZM›R,BEYDA–,2743,5941,,,,,,,,,
›ZM›R,BORNOVA,90720,196364,,,,,,,,,
›ZM›R,BUCA,104066,203955,,,,,,,,,
›ZM›R,«EﬁME,6320,20176,,,,,,,,,
›ZM›R,«›–L›,33835,92784,,,,,,,,,
›ZM›R,D›K›L›,6702,22088,,,,,,,,,
›ZM›R,FO«A,3781,13949,,,,,,,,,
›ZM›R,GAZ›EM›R,27730,58875,,,,,,,,,
›ZM›R,G‹ZELBAH«E,3659,16467,,,,,,,,,
›ZM›R,KARABA–LAR,111179,203161,,,,,,,,,
›ZM›R,KARABURUN,1862,5061,,,,,,,,,
›ZM›R,KARﬁIYAKA,40881,202503,,,,,,,,,
›ZM›R,KEMALPAﬁA,31705,35532,,,,,,,,,
›ZM›R,KINIK,6771,11756,,,,,,,,,
›ZM›R,K›RAZ,13003,15273,,,,,,,,,
›ZM›R,KONAK,66377,176133,,,,,,,,,
›ZM›R,MENDERES,21086,35888,,,,,,,,,
›ZM›R,MENEMEN,32918,68477,,,,,,,,,
›ZM›R,NARLIDERE,6719,37961,,,,,,,,,
›ZM›R,÷DEM›ﬁ,34659,54098,,,,,,,,,
›ZM›R,SEFER›H›SAR,7314,17665,,,,,,,,,
›ZM›R,SEL«UK,6537,17762,,,,,,,,,
›ZM›R,T›RE,20364,34904,,,,,,,,,
›ZM›R,TORBALI,39234,63897,,,,,,,,,
›ZM›R,URLA,8798,33530,,,,,,,,,
KAHRAMANMARAﬁ,,458349,161395,,,,,,,,,
KAHRAMANMARAﬁ,AFﬁ›N,30143,12671,,,,,,,,,
KAHRAMANMARAﬁ,ANDIRIN,13617,6974,,,,,,,,,
KAHRAMANMARAﬁ,«A–LAYANCER›T,8096,4855,,,,,,,,,
KAHRAMANMARAﬁ,DULKAD›RO–LU,102125,21811,,,,,,,,,
KAHRAMANMARAﬁ,EK›N÷Z‹,4321,2590,,,,,,,,,
KAHRAMANMARAﬁ,ELB›STAN,47580,28993,,,,,,,,,
KAHRAMANMARAﬁ,G÷KSUN,21329,7664,,,,,,,,,
KAHRAMANMARAﬁ,NURHAK,2597,4327,,,,,,,,,
KAHRAMANMARAﬁ,ON›K›ﬁUBAT,178357,45257,,,,,,,,,
KAHRAMANMARAﬁ,PAZARCIK,20182,18026,,,,,,,,,
KAHRAMANMARAﬁ,T‹RKO–LU,30002,8227,,,,,,,,,
KARAB‹K,,89031,57581,,,,,,,,,
KARAB‹K,EFLAN›,3926,1263,,,,,,,,,
KARAB‹K,ESK›PAZAR,5792,2112,,,,,,,,,
KARAB‹K,MERKEZ,49051,30136,,,,,,,,,
KARAB‹K,OVACIK,1599,633,,,,,,,,,
KARAB‹K,SAFRANBOLU,20901,17562,,,,,,,,,
KARAB‹K,YEN›CE,7762,5875,,,,,,,,,
KARAMAN,,94289,53386,,,,,,,,,
KARAMAN,AYRANCI,3055,2223,,,,,,,,,
KARAMAN,BAﬁYAYLA,1749,454,,,,,,,,,
KARAMAN,ERMENEK,9098,8514,,,,,,,,,
KARAMAN,KAZIMKARABEK›R,1825,859,,,,,,,,,
KARAMAN,MERKEZ,75204,38091,,,,,,,,,
KARAMAN,SARIVEL›LER,3358,3245,,,,,,,,,
KARS,,70922,68264,,,,,,,,,
KARS,AKYAKA,3104,2325,,,,,,,,,
KARS,ARPA«AY,5395,3835,,,,,,,,,
KARS,D›GOR,2867,7130,,,,,,,,,
KARS,KA–IZMAN,12181,8721,,,,,,,,,
KARS,MERKEZ,23843,32794,,,,,,,,,
KARS,SARIKAMIﬁ,13317,6080,,,,,,,,,
KARS,SEL›M,7718,4220,,,,,,,,,
KARS,SUSUZ,2497,3159,,,,,,,,,
KASTAMONU,,147530,80078,,,,,,,,,
KASTAMONU,ABANA,1538,935,,,,,,,,,
KASTAMONU,A–LI,1352,462,,,,,,,,,
KASTAMONU,ARA«,8057,3982,,,,,,,,,
KASTAMONU,AZDAVAY,2446,2070,,,,,,,,,
KASTAMONU,BOZKURT,4315,1474,,,,,,,,,
KASTAMONU,C›DE,8345,4669,,,,,,,,,
KASTAMONU,«ATALZEYT›N,2729,1105,,,,,,,,,
KASTAMONU,DADAY,3036,2705,,,,,,,,,
KASTAMONU,DEVREKAN›,5332,2477,,,,,,,,,
KASTAMONU,DO–ANYURT,2551,693,,,,,,,,,
KASTAMONU,HAN÷N‹,1444,1116,,,,,,,,,
KASTAMONU,›HSANGAZ›,2652,978,,,,,,,,,
KASTAMONU,›NEBOLU,8706,3838,,,,,,,,,
KASTAMONU,K‹RE,2320,1170,,,,,,,,,
KASTAMONU,MERKEZ,49485,35388,,,,,,,,,
KASTAMONU,PINARBAﬁI,2127,1084,,,,,,,,,
KASTAMONU,SEYD›LER,1642,899,,,,,,,,,
KASTAMONU,ﬁENPAZAR,2047,745,,,,,,,,,
KASTAMONU,TAﬁK÷PR‹,15989,8403,,,,,,,,,
KASTAMONU,TOSYA,21417,5885,,,,,,,,,
KAYSER›,,557397,265239,,,,,,,,,
KAYSER›,AKKIﬁLA,2239,1865,,,,,,,,,
KAYSER›,B‹NYAN,11147,5197,,,,,,,,,
KAYSER›,DEVEL›,29279,9451,,,,,,,,,
KAYSER›,FELAH›YE,1923,1292,,,,,,,,,
KAYSER›,HACILAR,6855,1388,,,,,,,,,
KAYSER›,›NCESU,10690,4497,,,,,,,,,
KAYSER›,KOCAS›NAN,161221,77618,,,,,,,,,
KAYSER›,MEL›KGAZ›,228598,104684,,,,,,,,,
KAYSER›,÷ZVATAN,1699,861,,,,,,,,,
KAYSER›,PINARBAﬁI,7590,5955,,,,,,,,,
KAYSER›,SARIO–LAN,5613,2973,,,,,,,,,
KAYSER›,SARIZ,3124,2682,,,,,,,,,
KAYSER›,TALAS,51971,35192,,,,,,,,,
KAYSER›,TOMARZA,10027,3783,,,,,,,,,
KAYSER›,YAHYALI,18801,3868,,,,,,,,,
KAYSER›,YEﬁ›LH›SAR,6620,3933,,,,,,,,,
KIRIKKALE,,103784,62478,,,,,,,,,
KIRIKKALE,BAHﬁ›L›,3206,1211,,,,,,,,,
KIRIKKALE,BALIﬁEYH,2413,1290,,,,,,,,,
KIRIKKALE,«ELEB›,1077,403,,,,,,,,,
KIRIKKALE,DEL›CE,3639,1994,,,,,,,,,
KIRIKKALE,KARAKE«›L›,1692,471,,,,,,,,,
KIRIKKALE,KESK›N,6922,4021,,,,,,,,,
KIRIKKALE,MERKEZ,76129,46926,,,,,,,,,
KIRIKKALE,SULAKYURT,2547,1813,,,,,,,,,
KIRIKKALE,YAHﬁ›HAN,6159,4349,,,,,,,,,
KIRKLAREL›,,68552,170574,,,,,,,,,
KIRKLAREL›,BABAESK›,7767,26493,,,,,,,,,
KIRKLAREL›,DEM›RK÷Y,2455,3048,,,,,,,,,
KIRKLAREL›,KOF«AZ,657,1169,,,,,,,,,
KIRKLAREL›,L‹LEBURGAZ,27310,73417,,,,,,,,,
KIRKLAREL›,MERKEZ,20316,41149,,,,,,,,,
KIRKLAREL›,PEHL›VANK÷Y,810,2031,,,,,,,,,
KIRKLAREL›,PINARH›SAR,3933,9007,,,,,,,,,
KIRKLAREL›,V›ZE,5304,14260,,,,,,,,,
KIRﬁEH›R,,72363,63520,,,,,,,,,
KIRﬁEH›R,AK«AKENT,2011,555,,,,,,,,,
KIRﬁEH›R,AKPINAR,2916,1871,,,,,,,,,
KIRﬁEH›R,BOZTEPE,1578,2093,,,,,,,,,
KIRﬁEH›R,«›«EKDA–I,6483,2653,,,,,,,,,
KIRﬁEH›R,KAMAN,11264,9937,,,,,,,,,
KIRﬁEH›R,MERKEZ,41104,41383,,,,,,,,,
KIRﬁEH›R,MUCUR,7007,5028,,,,,,,,,
K›L›S,,44461,24912,,,,,,,,,
K›L›S,ELBEYL›,1910,1082,,,,,,,,,
K›L›S,MERKEZ,34818,21667,,,,,,,,,
K›L›S,MUSABEYL›,5757,1333,,,,,,,,,
K›L›S,POLATEL›,1976,830,,,,,,,,,
KOCAEL›,,650336,496928,,,,,,,,,
KOCAEL›,BAﬁ›SKELE,37948,18826,,,,,,,,,
KOCAEL›,«AYIROVA,44402,29881,,,,,,,,,
KOCAEL›,DARICA,67870,50066,,,,,,,,,
KOCAEL›,DER›NCE,46970,42616,,,,,,,,,
KOCAEL›,D›LOVASI,15478,10050,,,,,,,,,
KOCAEL›,GEBZE,134233,88932,,,,,,,,,
KOCAEL›,G÷LC‹K,55016,45733,,,,,,,,,
KOCAEL›,›ZM›T,111096,111921,,,,,,,,,
KOCAEL›,KANDIRA,20021,12276,,,,,,,,,
KOCAEL›,KARAM‹RSEL,20316,15540,,,,,,,,,
KOCAEL›,KARTEPE,44351,26312,,,,,,,,,
KOCAEL›,K÷RFEZ,52635,44775,,,,,,,,,
KONYA,,928599,345610,,,,,,,,,
KONYA,AHIRLI,2014,854,,,,,,,,,
KONYA,AK÷REN,2973,888,,,,,,,,,
KONYA,AKﬁEH›R,34289,23890,,,,,,,,,
KONYA,ALTINEK›N,7652,1171,,,,,,,,,
KONYA,BEYﬁEH›R,31518,12769,,,,,,,,,
KONYA,BOZKIR,11873,4444,,,,,,,,,
KONYA,C›HANBEYL›,16662,10923,,,,,,,,,
KONYA,«ELT›K,4037,1714,,,,,,,,,
KONYA,«UMRA,31833,8394,,,,,,,,,
KONYA,DERBENT,2024,918,,,,,,,,,
KONYA,DEREBUCAK,2656,1093,,,,,,,,,
KONYA,DO–ANH›SAR,7106,3978,,,,,,,,,
KONYA,EM›RGAZ›,2896,1714,,,,,,,,,
KONYA,ERE–L›,45109,40289,,,,,,,,,
KONYA,G‹NEYSINIR,5609,657,,,,,,,,,
KONYA,HAD›M,5757,1989,,,,,,,,,
KONYA,HALKAPINAR,2051,730,,,,,,,,,
KONYA,H‹Y‹K,6664,3854,,,,,,,,,
KONYA,ILGIN,22982,11612,,,,,,,,,
KONYA,KADINHANI,15591,3602,,,,,,,,,
KONYA,KARAPINAR,18693,10098,,,,,,,,,
KONYA,KARATAY,149578,27106,,,,,,,,,
KONYA,KULU,16418,7391,,,,,,,,,
KONYA,MERAM,164286,41653,,,,,,,,,
KONYA,SARAY÷N‹,13372,3049,,,,,,,,,
KONYA,SEL«UKLU,264841,98227,,,,,,,,,
KONYA,SEYD›ﬁEH›R,24463,16798,,,,,,,,,
KONYA,TAﬁKENT,2870,1034,,,,,,,,,
KONYA,TUZLUK«U,2437,1786,,,,,,,,,
KONYA,YALIH‹Y‹K,809,199,,,,,,,,,
KONYA,YUNAK,9536,2786,,,,,,,,,
K‹TAHYA,,261275,110314,,,,,,,,,
K‹TAHYA,ALTINTAﬁ,7704,2717,,,,,,,,,
K‹TAHYA,ASLANAPA,5933,931,,,,,,,,,
K‹TAHYA,«AVDARH›SAR,3429,1344,,,,,,,,,
K‹TAHYA,DOMAN›«,7113,3374,,,,,,,,,
K‹TAHYA,DUMLUPINAR,1326,595,,,,,,,,,
K‹TAHYA,EMET,10311,3697,,,,,,,,,
K‹TAHYA,GED›Z,22830,10580,,,,,,,,,
K‹TAHYA,H›SARCIK,6477,2148,,,,,,,,,
K‹TAHYA,MERKEZ,109442,49543,,,,,,,,,
K‹TAHYA,PAZARLAR,2674,935,,,,,,,,,
K‹TAHYA,S›MAV,30726,13416,,,,,,,,,
K‹TAHYA,ﬁAPHANE,3032,1348,,,,,,,,,
K‹TAHYA,TAVﬁANLI,50278,19686,,,,,,,,,
MALATYA,,323654,141553,,,,,,,,,
MALATYA,AK«ADA–,10106,7326,,,,,,,,,
MALATYA,ARAPG›R,3681,2783,,,,,,,,,
MALATYA,ARGUVAN,1142,4165,,,,,,,,,
MALATYA,BATTALGAZ›,134206,42487,,,,,,,,,
MALATYA,DARENDE,12261,2862,,,,,,,,,
MALATYA,DO–ANﬁEH›R,13582,10585,,,,,,,,,
MALATYA,DO–ANYOL,1855,381,,,,,,,,,
MALATYA,HEK›MHAN,4779,6929,,,,,,,,,
MALATYA,KALE,3721,329,,,,,,,,,
MALATYA,KULUNCAK,3094,1530,,,,,,,,,
MALATYA,P‹T‹RGE,8043,1011,,,,,,,,,
MALATYA,YAZIHAN,5241,2784,,,,,,,,,
MALATYA,YEﬁ›LYURT,121943,58381,,,,,,,,,
MAN›SA,,417386,496622,,,,,,,,,
MAN›SA,AHMETL›,5548,5506,,,,,,,,,
MAN›SA,AKH›SAR,48876,65048,,,,,,,,,
MAN›SA,ALAﬁEH›R,26715,38935,,,,,,,,,
MAN›SA,DEM›RC›,17544,9112,,,,,,,,,
MAN›SA,G÷LMARMARA,3867,6190,,,,,,,,,
MAN›SA,G÷RDES,12533,7578,,,,,,,,,
MAN›SA,KIRKA–A«,16618,9550,,,,,,,,,
MAN›SA,K÷PR‹BAﬁI,4806,4669,,,,,,,,,
MAN›SA,KULA,15888,14626,,,,,,,,,
MAN›SA,SAL›HL›,38741,69187,,,,,,,,,
MAN›SA,SARIG÷L,8233,16831,,,,,,,,,
MAN›SA,SARUHANLI,15209,22001,,,,,,,,,
MAN›SA,SELEND›,8166,5798,,,,,,,,,
MAN›SA,SOMA,37699,33303,,,,,,,,,
MAN›SA,ﬁEHZADELER,48421,59249,,,,,,,,,
MAN›SA,TURGUTLU,45177,54354,,,,,,,,,
MAN›SA,YUNUSEMRE,63345,74685,,,,,,,,,
MARD›N,,149580,215810,,,,,,,,,
MARD›N,ARTUKLU,47071,33879,,,,,,,,,
MARD›N,DARGE«›T,3714,7653,,,,,,,,,
MARD›N,DER›K,7551,21294,,,,,,,,,
MARD›N,KIZILTEPE,32460,80334,,,,,,,,,
MARD›N,MAZIDA–I,4405,11182,,,,,,,,,
MARD›N,M›DYAT,28584,16915,,,,,,,,,
MARD›N,NUSAYB›N,9301,34133,,,,,,,,,
MARD›N,÷MERL›,4376,2811,,,,,,,,,
MARD›N,SAVUR,6016,5915,,,,,,,,,
MARD›N,YEﬁ›LL›,6102,1694,,,,,,,,,
MERS›N,,387350,690009,,,,,,,,,
MERS›N,AKDEN›Z,50166,103123,,,,,,,,,
MERS›N,ANAMUR,16173,26926,,,,,,,,,
MERS›N,AYDINCIK,2971,4162,,,,,,,,,
MERS›N,BOZYAZI,7544,9558,,,,,,,,,
MERS›N,«AMLIYAYLA,2892,2726,,,,,,,,,
MERS›N,ERDEML›,44345,41048,,,,,,,,,
MERS›N,G‹LNAR,7372,9119,,,,,,,,,
MERS›N,MEZ›TL›,31987,79358,,,,,,,,,
MERS›N,MUT,18338,21286,,,,,,,,,
MERS›N,S›L›FKE,27491,49209,,,,,,,,,
MERS›N,TARSUS,70656,127594,,,,,,,,,
MERS›N,TOROSLAR,69603,101385,,,,,,,,,
MERS›N,YEN›ﬁEH›R,37812,114515,,,,,,,,,
MU–LA,,184381,416710,,,,,,,,,
MU–LA,BODRUM,20914,81418,,,,,,,,,
MU–LA,DALAMAN,8905,14954,,,,,,,,,
MU–LA,DAT«A,2915,11245,,,,,,,,,
MU–LA,FETH›YE,33176,60764,,,,,,,,,
MU–LA,KAVAKLIDERE,3859,3410,,,,,,,,,
MU–LA,K÷YCE–›Z,8836,13944,,,,,,,,,
MU–LA,MARMAR›S,13845,41085,,,,,,,,,
MU–LA,MENTEﬁE,20026,51844,,,,,,,,,
MU–LA,M›LAS,26085,65678,,,,,,,,,
MU–LA,ORTACA,9657,21367,,,,,,,,,
MU–LA,SEYD›KEMER,20464,18228,,,,,,,,,
MU–LA,ULA,5587,11694,,,,,,,,,
MU–LA,YATA–AN,10112,21079,,,,,,,,,
MUﬁ,,87314,85370,,,,,,,,,
MUﬁ,BULANIK,8708,22498,,,,,,,,,
MUﬁ,HASK÷Y,12666,1206,,,,,,,,,
MUﬁ,KORKUT,4904,5701,,,,,,,,,
MUﬁ,MALAZG›RT,5738,14421,,,,,,,,,
MUﬁ,MERKEZ,53295,29133,,,,,,,,,
MUﬁ,VARTO,2003,12411,,,,,,,,,
NEVﬁEH›R,,117548,61663,,,,,,,,,
NEVﬁEH›R,ACIG÷L,10337,1149,,,,,,,,,
NEVﬁEH›R,AVANOS,10864,9789,,,,,,,,,
NEVﬁEH›R,DER›NKUYU,8015,4056,,,,,,,,,
NEVﬁEH›R,G‹LﬁEH›R,9185,4452,,,,,,,,,
NEVﬁEH›R,HACIBEKTAﬁ,2596,5135,,,,,,,,,
NEVﬁEH›R,KOZAKLI,4756,4193,,,,,,,,,
NEVﬁEH›R,MERKEZ,58046,23508,,,,,,,,,
NEVﬁEH›R,‹RG‹P,13749,9381,,,,,,,,,
N›–DE,,118141,79427,,,,,,,,,
N›–DE,ALTUNH›SAR,5063,1713,,,,,,,,,
N›–DE,BOR,22793,14554,,,,,,,,,
N›–DE,«AMARDI,5380,2112,,,,,,,,,
N›–DE,«›FTL›K,7869,5103,,,,,,,,,
N›–DE,MERKEZ,70457,49627,,,,,,,,,
N›–DE,ULUKIﬁLA,6579,6318,,,,,,,,,
ORDU,,275328,169544,,,,,,,,,
ORDU,AKKUﬁ,9703,3301,,,,,,,,,
ORDU,ALTINORDU,62338,65254,,,,,,,,,
ORDU,AYBASTI,9490,3132,,,,,,,,,
ORDU,«AMAﬁ,3673,1760,,,,,,,,,
ORDU,«ATALPINAR,7153,1022,,,,,,,,,
ORDU,«AYBAﬁI,6420,1324,,,,,,,,,
ORDU,FATSA,39567,27300,,,,,,,,,
ORDU,G÷LK÷Y,10135,7073,,,,,,,,,
ORDU,G‹LYALI,2871,2760,,,,,,,,,
ORDU,G‹RGENTEPE,4951,4316,,,,,,,,,
ORDU,›K›ZCE,6497,2576,,,,,,,,,
ORDU,KABAD‹Z,3667,1768,,,,,,,,,
ORDU,KABATAﬁ,4762,1721,,,,,,,,,
ORDU,KORGAN,13876,2991,,,,,,,,,
ORDU,KUMRU,15439,2684,,,,,,,,,
ORDU,MESUD›YE,5391,2433,,,,,,,,,
ORDU,PERﬁEMBE,9642,11162,,,,,,,,,
ORDU,ULUBEY,7568,4724,,,,,,,,,
ORDU,‹NYE,52185,22243,,,,,,,,,
OSMAN›YE,,169918,123860,,,,,,,,,
OSMAN›YE,BAH«E,9045,3645,,,,,,,,,
OSMAN›YE,D‹Z›«›,24945,19174,,,,,,,,,
OSMAN›YE,HASANBEYL›,1572,1019,,,,,,,,,
OSMAN›YE,KAD›RL›,39895,34145,,,,,,,,,
OSMAN›YE,MERKEZ,85052,55865,,,,,,,,,
OSMAN›YE,SUMBAS,4359,4590,,,,,,,,,
OSMAN›YE,TOPRAKKALE,5050,5422,,,,,,,,,
R›ZE,,155028,50158,,,,,,,,,
R›ZE,ARDEﬁEN,16989,7685,,,,,,,,,
R›ZE,«AMLIHEMﬁ›N,3098,992,,,,,,,,,
R›ZE,«AYEL›,22109,4392,,,,,,,,,
R›ZE,DEREPAZARI,4044,826,,,,,,,,,
R›ZE,FINDIKLI,4709,5414,,,,,,,,,
R›ZE,G‹NEYSU,8408,944,,,,,,,,,
R›ZE,HEMﬁ›N,930,498,,,,,,,,,
R›ZE,›K›ZDERE,3030,407,,,,,,,,,
R›ZE,›Y›DERE,4740,773,,,,,,,,,
R›ZE,KALKANDERE,5823,1430,,,,,,,,,
R›ZE,MERKEZ,68826,19707,,,,,,,,,
R›ZE,PAZAR,12322,7090,,,,,,,,,
SAKARYA,,413091,193910,,,,,,,,,
SAKARYA,ADAPAZARI,105146,62236,,,,,,,,,
SAKARYA,AKYAZI,44600,11263,,,,,,,,,
SAKARYA,AR›F›YE,18547,7091,,,,,,,,,
SAKARYA,ERENLER,38725,13470,,,,,,,,,
SAKARYA,FER›ZL›,11513,5216,,,,,,,,,
SAKARYA,GEYVE,21516,9351,,,,,,,,,
SAKARYA,HENDEK,35123,14676,,,,,,,,,
SAKARYA,KARAP‹R«EK,6145,1637,,,,,,,,,
SAKARYA,KARASU,26180,11870,,,,,,,,,
SAKARYA,KAYNARCA,12367,3284,,,,,,,,,
SAKARYA,KOCAAL›,9911,3960,,,,,,,,,
SAKARYA,PAMUKOVA,12690,5867,,,,,,,,,
SAKARYA,SAPANCA,15883,10080,,,,,,,,,
SAKARYA,SERD›VAN,45096,29343,,,,,,,,,
SAKARYA,S÷–‹TL‹,6187,3449,,,,,,,,,
SAKARYA,TARAKLI,3462,1117,,,,,,,,,
SAMSUN,,507303,290932,,,,,,,,,
SAMSUN,ALA«AM,9468,7312,,,,,,,,,
SAMSUN,ASARCIK,8000,1410,,,,,,,,,
SAMSUN,ATAKUM,50070,57728,,,,,,,,,
SAMSUN,AYVACIK,10362,1555,,,,,,,,,
SAMSUN,BAFRA,57103,33841,,,,,,,,,
SAMSUN,CAN›K,42170,16427,,,,,,,,,
SAMSUN,«ARﬁAMBA,61561,22430,,,,,,,,,
SAMSUN,HAVZA,17605,7791,,,,,,,,,
SAMSUN,›LKADIM,113398,89553,,,,,,,,,
SAMSUN,KAVAK,9157,4066,,,,,,,,,
SAMSUN,LAD›K,7324,3725,,,,,,,,,
SAMSUN,ONDOKUZMAYIS,11990,3871,,,,,,,,,
SAMSUN,SALIPAZARI,9384,2583,,,,,,,,,
SAMSUN,TEKKEK÷Y,20474,11528,,,,,,,,,
SAMSUN,TERME,33817,12311,,,,,,,,,
SAMSUN,VEZ›RK÷PR‹,42258,12539,,,,,,,,,
SAMSUN,YAKAKENT,3162,2262,,,,,,,,,
S››RT,,68121,74365,,,,,,,,,
S››RT,BAYKAN,5720,5065,,,,,,,,,
S››RT,ERUH,3391,5060,,,,,,,,,
S››RT,KURTALAN,9465,16295,,,,,,,,,
S››RT,MERKEZ,32542,41524,,,,,,,,,
S››RT,PERVAR›,7649,4317,,,,,,,,,
S››RT,ﬁ›RVAN,7503,1802,,,,,,,,,
S››RT,T›LLO,1851,302,,,,,,,,,
S›NOP,,73324,53651,,,,,,,,,
S›NOP,AYANCIK,7794,6351,,,,,,,,,
S›NOP,BOYABAT,18243,7995,,,,,,,,,
S›NOP,D›KMEN,2465,678,,,,,,,,,
S›NOP,DURA–AN,8565,1750,,,,,,,,,
S›NOP,ERFELEK,4111,3215,,,,,,,,,
S›NOP,GERZE,8522,6666,,,,,,,,,
S›NOP,MERKEZ,14565,24419,,,,,,,,,
S›NOP,SARAYD‹Z‹,2581,727,,,,,,,,,
S›NOP,T‹RKEL›,6478,1850,,,,,,,,,
S›VAS,,262449,105732,,,,,,,,,
S›VAS,AKINCILAR,2240,652,,,,,,,,,
S›VAS,ALTINYAYLA,4629,728,,,,,,,,,
S›VAS,D›VR›–›,3143,7751,,,,,,,,,
S›VAS,DO–ANﬁAR,1668,172,,,,,,,,,
S›VAS,GEMEREK,7952,6011,,,,,,,,,
S›VAS,G÷LOVA,1422,276,,,,,,,,,
S›VAS,G‹R‹N,7210,3789,,,,,,,,,
S›VAS,HAF›K,3425,2293,,,,,,,,,
S›VAS,›MRANLI,1614,2752,,,,,,,,,
S›VAS,KANGAL,7641,5291,,,,,,,,,
S›VAS,KOYULH›SAR,5354,1814,,,,,,,,,
S›VAS,MERKEZ,161010,54050,,,,,,,,,
S›VAS,SUﬁEHR›,12349,2756,,,,,,,,,
S›VAS,ﬁARKIﬁLA,16039,6313,,,,,,,,,
S›VAS,ULAﬁ,3961,1475,,,,,,,,,
S›VAS,YILDIZEL›,15209,3992,,,,,,,,,
S›VAS,ZARA,7583,5617,,,,,,,,,
ﬁANLIURFA,,599073,246835,,,,,,,,,
ﬁANLIURFA,AK«AKALE,40896,2049,,,,,,,,,
ﬁANLIURFA,B›REC›K,25644,15323,,,,,,,,,
ﬁANLIURFA,BOZOVA,16233,8496,,,,,,,,,
ﬁANLIURFA,CEYLANPINAR,20923,15780,,,,,,,,,
ﬁANLIURFA,EYY‹B›YE,123838,27140,,,,,,,,,
ﬁANLIURFA,HALFET›,7500,9317,,,,,,,,,
ﬁANLIURFA,HAL›L›YE,127475,43065,,,,,,,,,
ﬁANLIURFA,HARRAN,33886,1109,,,,,,,,,
ﬁANLIURFA,H›LVAN,13729,7949,,,,,,,,,
ﬁANLIURFA,KARAK÷PR‹,54614,23770,,,,,,,,,
ﬁANLIURFA,S›VEREK,65082,36243,,,,,,,,,
ﬁANLIURFA,SURU«,22584,23332,,,,,,,,,
ﬁANLIURFA,V›RANﬁEH›R,46669,33262,,,,,,,,,
ﬁIRNAK,,58607,148482,,,,,,,,,
ﬁIRNAK,BEYT‹ﬁﬁEBAP,2681,4816,,,,,,,,,
ﬁIRNAK,C›ZRE,10858,47086,,,,,,,,,
ﬁIRNAK,G‹«L‹KONAK,1356,3533,,,,,,,,,
ﬁIRNAK,›D›L,8285,19296,,,,,,,,,
ﬁIRNAK,MERKEZ,16596,20710,,,,,,,,,
ﬁIRNAK,S›LOP›,13768,40866,,,,,,,,,
ﬁIRNAK,ULUDERE,5063,12175,,,,,,,,,
TEK›RDA–,,242115,380494,,,,,,,,,
TEK›RDA–,«ERKEZK÷Y,42944,43218,,,,,,,,,
TEK›RDA–,«ORLU,56428,103674,,,,,,,,,
TEK›RDA–,ERGENE,14770,24618,,,,,,,,,
TEK›RDA–,HAYRABOLU,7284,14824,,,,,,,,,
TEK›RDA–,KAPAKLI,32533,30118,,,,,,,,,
TEK›RDA–,MALKARA,13989,22606,,,,,,,,,
TEK›RDA–,MARMARAERE–L›S›,5414,9729,,,,,,,,,
TEK›RDA–,MURATLI,5636,13595,,,,,,,,,
TEK›RDA–,SARAY,10233,23287,,,,,,,,,
TEK›RDA–,S‹LEYMANPAﬁA,46065,80475,,,,,,,,,
TEK›RDA–,ﬁARK÷Y,6819,14350,,,,,,,,,
TOKAT,,226835,132188,,,,,,,,,
TOKAT,ALMUS,6569,6248,,,,,,,,,
TOKAT,ARTOVA,4063,1699,,,,,,,,,
TOKAT,BAﬁ«›FTL›K,2132,777,,,,,,,,,
TOKAT,ERBAA,37064,19670,,,,,,,,,
TOKAT,MERKEZ,78075,39239,,,,,,,,,
TOKAT,N›KSAR,22908,15648,,,,,,,,,
TOKAT,PAZAR,6976,2031,,,,,,,,,
TOKAT,REﬁAD›YE,12284,5432,,,,,,,,,
TOKAT,SULUSARAY,3675,802,,,,,,,,,
TOKAT,TURHAL,30375,21071,,,,,,,,,
TOKAT,YEﬁ›LYURT,4169,1220,,,,,,,,,
TOKAT,Z›LE,18545,18351,,,,,,,,,
TRABZON,,316330,159700,,,,,,,,,
TRABZON,AK«AABAT,51396,23106,,,,,,,,,
TRABZON,ARAKLI,22249,4035,,,,,,,,,
TRABZON,ARS›N,14210,2982,,,,,,,,,
TRABZON,BEﬁ›KD‹Z‹,5800,8080,,,,,,,,,
TRABZON,«ARﬁIBAﬁI,6740,3204,,,,,,,,,
TRABZON,«AYKARA,6309,1733,,,,,,,,,
TRABZON,DERNEKPAZARI,1996,363,,,,,,,,,
TRABZON,D‹ZK÷Y,5328,3221,,,,,,,,,
TRABZON,HAYRAT,4132,426,,,,,,,,,
TRABZON,K÷PR‹BAﬁI,2385,440,,,,,,,,,
TRABZON,MA«KA,10342,4703,,,,,,,,,
TRABZON,OF,20544,4639,,,,,,,,,
TRABZON,ORTAH›SAR,116172,80974,,,,,,,,,
TRABZON,S‹RMENE,11301,3626,,,,,,,,,
TRABZON,ﬁALPAZARI,5458,2073,,,,,,,,,
TRABZON,TONYA,5292,4172,,,,,,,,,
TRABZON,VAKFIKEB›R,11597,5723,,,,,,,,,
TRABZON,YOMRA,15079,6200,,,,,,,,,
TUNCEL›,,9859,40478,,,,,,,,,
TUNCEL›,«EM›ﬁGEZEK,2871,2052,,,,,,,,,
TUNCEL›,HOZAT,477,2951,,,,,,,,,
TUNCEL›,MAZG›RT,665,4491,,,,,,,,,
TUNCEL›,MERKEZ,3135,18725,,,,,,,,,
TUNCEL›,NAZIM›YE,199,1707,,,,,,,,,
TUNCEL›,OVACIK,368,3333,,,,,,,,,
TUNCEL›,PERTEK,1867,5307,,,,,,,,,
TUNCEL›,P‹L‹M‹R,277,1912,,,,,,,,,
UﬁAK,,109263,123052,,,,,,,,,
UﬁAK,BANAZ,10854,13323,,,,,,,,,
UﬁAK,EﬁME,9708,14712,,,,,,,,,
UﬁAK,KARAHALLI,3514,3474,,,,,,,,,
UﬁAK,MERKEZ,75015,78482,,,,,,,,,
UﬁAK,S›VASLI,6324,7342,,,,,,,,,
UﬁAK,ULUBEY,3848,5719,,,,,,,,,
VAN,,193797,259758,,,,,,,,,
VAN,BAH«ESARAY,3784,1777,,,,,,,,,
VAN,BAﬁKALE,4369,19071,,,,,,,,,
VAN,«ALDIRAN,6976,13577,,,,,,,,,
VAN,«ATAK,3821,5016,,,,,,,,,
VAN,EDREM›T,24440,31537,,,,,,,,,
VAN,ERC›ﬁ,31185,33763,,,,,,,,,
VAN,GEVAﬁ,7527,5402,,,,,,,,,
VAN,G‹RPINAR,7904,6983,,,,,,,,,
VAN,›PEKYOLU,59928,75474,,,,,,,,,
VAN,MURAD›YE,7484,9972,,,,,,,,,
VAN,÷ZALP,4988,17895,,,,,,,,,
VAN,SARAY,2264,5696,,,,,,,,,
VAN,TUﬁBA,29127,33595,,,,,,,,,
YALOVA,,71929,72708,,,,,,,,,
YALOVA,ALTINOVA,8750,6925,,,,,,,,,
YALOVA,ARMUTLU,3030,2489,,,,,,,,,
YALOVA,«INARCIK,7981,9747,,,,,,,,,
YALOVA,«›FTL›KK÷Y,11040,10951,,,,,,,,,
YALOVA,MERKEZ,39003,41286,,,,,,,,,
YALOVA,TERMAL,2125,1310,,,,,,,,,
YOZGAT,,179911,62338,,,,,,,,,
YOZGAT,AKDA–MADEN›,17731,4648,,,,,,,,,
YOZGAT,AYDINCIK,5280,1186,,,,,,,,,
YOZGAT,BO–AZLIYAN,11456,8690,,,,,,,,,
YOZGAT,«ANDIR,1485,1024,,,,,,,,,
YOZGAT,«AYIRALAN,4042,2276,,,,,,,,,
YOZGAT,«EKEREK,10310,2424,,,,,,,,,
YOZGAT,KADIﬁEHR›,5892,1074,,,,,,,,,
YOZGAT,MERKEZ,43386,16080,,,,,,,,,
YOZGAT,SARAYKENT,5305,603,,,,,,,,,
YOZGAT,SARIKAYA,14228,3362,,,,,,,,,
YOZGAT,SORGUN,37728,8328,,,,,,,,,
YOZGAT,ﬁEFAATL›,6073,3366,,,,,,,,,
YOZGAT,YEN›FAKILI,1919,1671,,,,,,,,,
YOZGAT,YERK÷Y,15076,7606,,,,,,,,,
ZONGULDAK,,186197,191117,,,,,,,,,
ZONGULDAK,ALAPLI,16538,11848,,,,,,,,,
ZONGULDAK,«AYCUMA,29765,30693,,,,,,,,,
ZONGULDAK,DEVREK,20862,15031,,,,,,,,,
ZONGULDAK,ERE–L›,55648,55213,,,,,,,,,
ZONGULDAK,G÷K«EBEY,16423,14274,,,,,,,,,
ZONGULDAK,K›L›ML›,28231,23990,,,,,,,,,
ZONGULDAK,KOZLU,34056,29061,,,,,,,,,
ZONGULDAK,MERKEZ,91454,77731,,,,,,,,,
,,,,,,,,,,,,
,,,,,,,,,,,,
